name,name_for_emails,site,subtypes,category,type,phone,full_address,state,latitude,longitude,rating,reviews,reviews_link,reviews_tags,reviews_per_score,reviews_per_score_1,reviews_per_score_2,reviews_per_score_3,reviews_per_score_4,reviews_per_score_5,photos_count,photo,street_view,located_in,working_hours,working_hours_old_format,other_hours,range,posts,logo,description,reservation_links,booking_appointment_link,menu_link,order_links,location_link,location_reviews_link,place_id,google_id,cid,reviews_id
Bogey's Indoor Golf,Bogeys Indoor Golf,http://www.bogeysindoorgolfsalem.com/,Indoor golf course,Indoor golf course,Indoor golf course,+1 971-915-2819,"3515 Fairview Industrial Dr SE, Salem, OR 97302",Oregon,44.9047941,-123.0181126,5,21,"https://search.google.com/local/reviews?placeid=ChIJ8UtAKxn5v1QR53i5YPYdYLA&q=indoor+golf+course,+97840,+Oxbow,+OR,+US&authuser=0&hl=en&gl=US","drinks, simulator, bar, venue",,0,0,0,0,21,38,https://lh5.googleusercontent.com/p/AF1QipNX8egrkESfvCScST4fXSIePnZmg0A_4SCeTooO=w800-h500-k-no,https://streetviewpixels-pa.googleapis.com/v1/thumbnail?panoid=jGjaZmKz_b3tnN9gdJD-YQ&cb_client=search.gws-prod.gps&w=1600&h=1000&yaw=130.83926&pitch=0&thumbfov=100,,"{""Sunday"": ""11AM-8PM"", ""Monday"": ""11AM-10PM"", ""Tuesday"": ""11AM-10PM"", ""Wednesday"": ""11AM-10PM"", ""Thursday"": ""11AM-10PM"", ""Friday"": ""11AM-12AM"", ""Saturday"": ""11AM-12AM""}",Sunday:11AM-8PM|Monday:11AM-10PM|Tuesday:11AM-10PM|Wednesday:11AM-10PM|Thursday:11AM-10PM|Friday:11AM-12AM|Saturday:11AM-12AM,,,,https://lh6.googleusercontent.com/-1SnfnzMue2c/AAAAAAAAAAI/AAAAAAAAAAA/9SRMYPCvubc/s44-p-k-no-ns-nd/photo.jpg,"Bogey's Indoor Golf, Salem's premier golf and sports lounge experience for the whole family, opened its doors on July 13, 2024. Nestled conveniently at 3515 Fairview Industrial Drive SE, Bogey's boasts Golden Tee, BullShooter Darts, pinball and state-of-the-art golf simulators, ensuring immersive and enjoyable golf play for all skill levels. With a vibrant sports lounge atmosphere, you're guaranteed a grand time whether you're a seasoned golfer or just looking for a unique entertainment spot. Get ready for the unparalleled golfing journey that awaits you at Bogey's Indoor Golf!",,https://www.bogeysindoorgolfsalem.com/book-online?utm_source=google&utm_medium=book_button&utm_campaign=service_list&hl=en-US&gei=UiysZ7CMBd-ZkdUPlvn1iQM&rwg_token=AAiGsoZC2XE4lg_weztIY9QU05pAaQ4JuT8aW-f-QExjZUxBYEPdWj7ryuI9ZwKnGOrXyybpLvCEk3epektUrl9kpPRo3sSQHw%3D%3D,https://www.bogeysindoorgolfsalem.com/menu,,"https://www.google.com/maps/place/Bogey%27s+Indoor+Golf/@44.9047941,-123.0181126,14z/data=!4m8!1m2!2m1!1sBogey%27s+Indoor+Golf!3m4!1s0x54bff9192b404bf1:0xb0601df660b978e7!8m2!3d44.9047941!4d-123.0181126","https://www.google.com/maps/place/Bogey%27s+Indoor+Golf/@44.9047941,-123.0181126,13.99z/data=!4m16!1m7!3m6!1s0x54bff9192b404bf1:0xb0601df660b978e7!2sBogey%27s+Indoor+Golf!8m2!3d44.9047941!4d-123.0181126!16s%2Fg%2F11ckvg1dmb!3m7!1s0x54bff9192b404bf1:0xb0601df660b978e7!8m2!3d44.9047941!4d-123.0181126!9m1!1b1!16s%2Fg%2F11ckvg1dmb?entry=ttu",ChIJ8UtAKxn5v1QR53i5YPYdYLA,0x54bff9192b404bf1:0xb0601df660b978e7,12709191092461467879,-5737552981248083737
The Sim House by NWGolfGuys,The Sim House By Nwgolfguys,http://www.thesimhouse.com/,Indoor golf course,Indoor golf course,Indoor golf course,+1 503-780-6836,"2548 NW Upshur St, Portland, OR 97210",Oregon,45.5359787,-122.7040515,4.1,9,"https://search.google.com/local/reviews?placeid=ChIJTbbILL4JlVQR5rBmC7eZg7M&q=sim+golf,+97216,+Portland,+OR,+US&authuser=0&hl=en&gl=US",,,2,0,0,0,7,11,https://lh5.googleusercontent.com/p/AF1QipP0gpB5_s2v5Y3j48NaPeDf0vfwag4Ab_yJo9V3=w800-h500-k-no,https://streetviewpixels-pa.googleapis.com/v1/thumbnail?panoid=OWJQH1ldeR5kZYvUQnb8Kg&cb_client=search.gws-prod.gps&w=1600&h=1000&yaw=189.3788&pitch=0&thumbfov=100,,"{""Sunday"": ""10AM-6PM"", ""Monday"": ""10AM-6PM"", ""Tuesday"": ""10AM-6PM"", ""Wednesday"": ""10AM-6PM"", ""Thursday"": ""10AM-6PM"", ""Friday"": ""10AM-6PM"", ""Saturday"": ""10AM-6PM""}",Sunday:10AM-6PM|Monday:10AM-6PM|Tuesday:10AM-6PM|Wednesday:10AM-6PM|Thursday:10AM-6PM|Friday:10AM-6PM|Saturday:10AM-6PM,,,,https://lh3.googleusercontent.com/-YwwvVF6d8cc/AAAAAAAAAAI/AAAAAAAAAAA/ROquHpLagj4/s44-p-k-no-ns-nd/photo.jpg,"This Sim House is an Indoor golf facility built for golfers by golfers. Our two simulator rooms are powered by Foresight Sports GC Hawk technology and are available from 5am-midnight for members. Hourly use passes are also available. Run by NWGolfguys, the largest handicapping club and amateur tournament series in Oregon, Washington and Norcal. We also feature retail, club demos and monthly hosted tournaments. We can't wait to see you at The Sim House!",,http://simhouse.skedda.com/,,http://simhouse.skedda.com/,"https://www.google.com/maps/place/The+Sim+House+by+NWGolfGuys/@45.5359787,-122.70405149999999,14z/data=!4m8!1m2!2m1!1sThe+Sim+House+by+NWGolfGuys!3m4!1s0x549509be2cc8b64d:0xb38399b70b66b0e6!8m2!3d45.5359787!4d-122.70405149999999","https://www.google.com/maps/place/The+Sim+House+by+NWGolfGuys/@45.5359787,-122.70405149999999,13.99z/data=!4m16!1m7!3m6!1s0x549509be2cc8b64d:0xb38399b70b66b0e6!2sThe+Sim+House+by+NWGolfGuys!8m2!3d45.5359787!4d-122.70405149999999!16s%2Fg%2F11ckvg1dmb!3m7!1s0x549509be2cc8b64d:0xb38399b70b66b0e6!8m2!3d45.5359787!4d-122.70405149999999!9m1!1b1!16s%2Fg%2F11ckvg1dmb?entry=ttu",ChIJTbbILL4JlVQR5rBmC7eZg7M,0x549509be2cc8b64d:0xb38399b70b66b0e6,12935351566187540710,-5511392507522010906
Cattle Dogs Golf Center,Cattle Dogs Golf Center,https://www.cattledogsgolfcenter.com/,Indoor golf course,Indoor golf course,Indoor golf course,+1 541-530-0348,"1807 NE Diamond Lake Blvd, Roseburg, OR 97471",Oregon,43.2129485,-123.3361261,5,13,"https://search.google.com/local/reviews?placeid=ChIJiSAVOSwjxFQR5SbqLTkWTlw&q=indoor+golf+course,+97536,+Prospect,+OR,+US&authuser=0&hl=en&gl=US",,,0,0,0,0,13,15,https://lh5.googleusercontent.com/p/AF1QipMN2_E2skPECQ7Xu7cat-kn7KnzRb77nlcmY0og=w800-h500-k-no,https://lh5.googleusercontent.com/p/AF1QipMN2_E2skPECQ7Xu7cat-kn7KnzRb77nlcmY0og=w1600-h1000-k-no,,"{""Sunday"": ""10AM-8PM"", ""Monday"": ""Closed"", ""Tuesday"": ""12-9PM"", ""Wednesday"": ""12-9PM"", ""Thursday"": ""12-9PM"", ""Friday"": ""12-11PM"", ""Saturday"": ""10AM-11PM""}",Sunday:10AM-8PM|Monday:Closed|Tuesday:12-9PM|Wednesday:12-9PM|Thursday:12-9PM|Friday:12-11PM|Saturday:10AM-11PM,,,,https://lh5.googleusercontent.com/-4qCy4S-33uo/AAAAAAAAAAI/AAAAAAAAAAA/1X4TP6bJF8Y/s44-p-k-no-ns-nd/photo.jpg,,,,,,"https://www.google.com/maps/place/Cattle+Dogs+Golf+Center/@43.212948499999996,-123.3361261,14z/data=!4m8!1m2!2m1!1sCattle+Dogs+Golf+Center!3m4!1s0x54c4232c39152089:0x5c4e16392dea26e5!8m2!3d43.212948499999996!4d-123.3361261","https://www.google.com/maps/place/Cattle+Dogs+Golf+Center/@43.212948499999996,-123.3361261,13.99z/data=!4m16!1m7!3m6!1s0x54c4232c39152089:0x5c4e16392dea26e5!2sCattle+Dogs+Golf+Center!8m2!3d43.212948499999996!4d-123.3361261!16s%2Fg%2F11ckvg1dmb!3m7!1s0x54c4232c39152089:0x5c4e16392dea26e5!8m2!3d43.212948499999996!4d-123.3361261!9m1!1b1!16s%2Fg%2F11ckvg1dmb?entry=ttu",ChIJiSAVOSwjxFQR5SbqLTkWTlw,0x54c4232c39152089:0x5c4e16392dea26e5,6651278134512068325,6651278134512068325
Golf Garage,Golf Garage,https://www.golfgarageoregon.com/,Sports club,Sports club,Sports club,+1 541-897-9982,"3336 Grove Rd Suite A, Phoenix, OR 97535",Oregon,42.284574,-122.816151,5,29,"https://search.google.com/local/reviews?placeid=ChIJsYmMVgBxz1QRWjaJbHZrM-4&q=indoor+golf+course,+97536,+Prospect,+OR,+US&authuser=0&hl=en&gl=US",,,0,0,0,0,29,45,https://lh5.googleusercontent.com/p/AF1QipMMODKvnIbfQsUPkhY9rH_SkyWlAQEFZA6kPV2c=w800-h500-k-no,https://lh5.googleusercontent.com/p/AF1QipMMODKvnIbfQsUPkhY9rH_SkyWlAQEFZA6kPV2c=w1600-h1000-k-no,,"{""Sunday"": ""Open 24 hours"", ""Monday"": ""Open 24 hours"", ""Tuesday"": ""Open 24 hours"", ""Wednesday"": ""Open 24 hours"", ""Thursday"": ""Open 24 hours"", ""Friday"": ""Open 24 hours"", ""Saturday"": ""Open 24 hours""}",Sunday:Open 24 hours|Monday:Open 24 hours|Tuesday:Open 24 hours|Wednesday:Open 24 hours|Thursday:Open 24 hours|Friday:Open 24 hours|Saturday:Open 24 hours,,,,https://lh3.googleusercontent.com/-C9_wyyXpCn4/AAAAAAAAAAI/AAAAAAAAAAA/_O6Wkt4SQHg/s44-p-k-no-ns-nd/photo.jpg,,,,,,"https://www.google.com/maps/place/Golf+Garage/@42.284574,-122.81615099999999,14z/data=!4m8!1m2!2m1!1sGolf+Garage!3m4!1s0x54cf7100568c89b1:0xee336b766c89365a!8m2!3d42.284574!4d-122.81615099999999","https://www.google.com/maps/place/Golf+Garage/@42.284574,-122.81615099999999,13.99z/data=!4m16!1m7!3m6!1s0x54cf7100568c89b1:0xee336b766c89365a!2sGolf+Garage!8m2!3d42.284574!4d-122.81615099999999!16s%2Fg%2F11ckvg1dmb!3m7!1s0x54cf7100568c89b1:0xee336b766c89365a!8m2!3d42.284574!4d-122.81615099999999!9m1!1b1!16s%2Fg%2F11ckvg1dmb?entry=ttu",ChIJsYmMVgBxz1QRWjaJbHZrM-4,0x54cf7100568c89b1:0xee336b766c89365a,17164180761210336858,-1282563312499214758
BirdieFinish Golf,Birdiefinish Golf,http://www.birdiefinishgolf.com/,Golf shop,Golf shop,Golf shop,+1 503-518-0085,"14214 Fir St, Oregon City, OR 97045",Oregon,45.3320491,-122.5781453,4.9,34,"https://search.google.com/local/reviews?placeid=ChIJfcHv58twlVQRcWQtS7oJ4-c&q=indoor+golf+course,+97107,+Bay+City,+OR,+US&authuser=0&hl=en&gl=US","simulator, irons, knowledge, swing, indoor golf, combination, lessons",,1,0,0,1,32,6,https://lh5.googleusercontent.com/p/AF1QipNvm2PkbRZfegGw0bcRDnqvyq5Ddk6EGnRcZMOX=w800-h500-k-no,https://streetviewpixels-pa.googleapis.com/v1/thumbnail?panoid=YulXAnaZQycPATdQlvsH2w&cb_client=search.gws-prod.gps&w=1600&h=1000&yaw=184.14984&pitch=0&thumbfov=100,Fir Street Business Park,"{""Sunday"": ""10AM-3PM"", ""Monday"": ""Closed"", ""Tuesday"": ""Closed"", ""Wednesday"": ""10AM-5PM"", ""Thursday"": ""10AM-5PM"", ""Friday"": ""10AM-5PM"", ""Saturday"": ""10AM-5PM""}",Sunday:10AM-3PM|Monday:Closed|Tuesday:Closed|Wednesday:10AM-5PM|Thursday:10AM-5PM|Friday:10AM-5PM|Saturday:10AM-5PM,,,,https://lh6.googleusercontent.com/-yMXJTIPCkqg/AAAAAAAAAAI/AAAAAAAAAAA/DRP7_uS5SQA/s44-p-k-no-ns-nd/photo.jpg,"Golf club fitting, golf instruction, golf club repairs.

Master golf club fitter. 20 year experience.",,,,,"https://www.google.com/maps/place/BirdieFinish+Golf/@45.3320491,-122.57814529999999,14z/data=!4m8!1m2!2m1!1sBirdieFinish+Golf!3m4!1s0x549570cbe7efc17d:0xe7e309ba4b2d6471!8m2!3d45.3320491!4d-122.57814529999999","https://www.google.com/maps/place/BirdieFinish+Golf/@45.3320491,-122.57814529999999,13.99z/data=!4m16!1m7!3m6!1s0x549570cbe7efc17d:0xe7e309ba4b2d6471!2sBirdieFinish+Golf!8m2!3d45.3320491!4d-122.57814529999999!16s%2Fg%2F11ckvg1dmb!3m7!1s0x549570cbe7efc17d:0xe7e309ba4b2d6471!8m2!3d45.3320491!4d-122.57814529999999!9m1!1b1!16s%2Fg%2F11ckvg1dmb?entry=ttu",ChIJfcHv58twlVQRcWQtS7oJ4-c,0x549570cbe7efc17d:0xe7e309ba4b2d6471,16709209738204505201,-1737534335505046415
Portland Indoor Golf Club,Portland Indoor Golf Club,https://www.portlandindoorgolfclub.com/,Golf club,Golf club,Golf club,,"5600 SW Arctic Dr, Beaverton, OR 97005",Oregon,45.4794395,-122.7778777,5,1,"https://search.google.com/local/reviews?placeid=ChIJXch6MnsNlVQRqS74P07Zddc&q=indoor+golf+course,+97240,+Portland,+OR,+US&authuser=0&hl=en&gl=US",,,0,0,0,0,1,1,https://streetviewpixels-pa.googleapis.com/v1/thumbnail?panoid=d9VZHjSS_wXuMh2oYjD5ag&cb_client=search.gws-prod.gps&w=800&h=500&yaw=82.39638&pitch=0&thumbfov=100,https://streetviewpixels-pa.googleapis.com/v1/thumbnail?panoid=d9VZHjSS_wXuMh2oYjD5ag&cb_client=search.gws-prod.gps&w=1600&h=1000&yaw=82.39638&pitch=0&thumbfov=100,,,,,,,https://lh5.googleusercontent.com/-GNgEQqVqONk/AAAAAAAAAAI/AAAAAAAAAAA/4cTwWogik_Y/s44-p-k-no-ns-nd/photo.jpg,,,https://www.mindbodyonline.com/explore/locations/portland-indoor-golf-club?hl=en-US&gei=aSysZ6XPMI3d5OUP_aCC-Ac&rwg_token=AAiGsoYfIShKeo3lYZnpzwoBeTzNwM86r1g3catx2mbPltufTkRTUO6aGwtGsS-wSUZ7Ce8ymrowO6EVsg1Zvf7XFyOTh_tlCg%3D%3D,,,"https://www.google.com/maps/place/Portland+Indoor+Golf+Club/@45.4794395,-122.77787769999999,14z/data=!4m8!1m2!2m1!1sPortland+Indoor+Golf+Club!3m4!1s0x54950d7b327ac85d:0xd775d94e3ff82ea9!8m2!3d45.4794395!4d-122.77787769999999","https://www.google.com/maps/place/Portland+Indoor+Golf+Club/@45.4794395,-122.77787769999999,13.99z/data=!4m16!1m7!3m6!1s0x54950d7b327ac85d:0xd775d94e3ff82ea9!2sPortland+Indoor+Golf+Club!8m2!3d45.4794395!4d-122.77787769999999!16s%2Fg%2F11ckvg1dmb!3m7!1s0x54950d7b327ac85d:0xd775d94e3ff82ea9!8m2!3d45.4794395!4d-122.77787769999999!9m1!1b1!16s%2Fg%2F11ckvg1dmb?entry=ttu",ChIJXch6MnsNlVQRqS74P07Zddc,0x54950d7b327ac85d:0xd775d94e3ff82ea9,15525554220533558953,-2921189853175992663
X-Golf Tualatin,X Golf Tualatin,https://xgolfpnw.com/,Indoor golf course,Indoor golf course,Indoor golf course,+1 503-855-4104,"7059 SW Nyberg St, Tualatin, OR 97062",Oregon,45.3853958,-122.7502048,4.9,49,"https://search.google.com/local/reviews?placeid=ChIJBSpteVlzlVQREFuqeUaK-Vw&q=indoor+golf+course,+97240,+Portland,+OR,+US&authuser=0&hl=en&gl=US",,,0,1,0,4,44,55,https://lh5.googleusercontent.com/p/AF1QipPboseMfCvQiqcOSg7l3Ssffq0bIpwBBPtqMtRw=w800-h500-k-no,https://lh5.googleusercontent.com/p/AF1QipPboseMfCvQiqcOSg7l3Ssffq0bIpwBBPtqMtRw=w1600-h1000-k-no,,"{""Sunday"": ""10AM-8PM"", ""Monday"": ""10AM-10PM"", ""Tuesday"": ""10AM-10PM"", ""Wednesday"": ""10AM-10PM"", ""Thursday"": ""10AM-10PM"", ""Friday"": ""10AM-11PM"", ""Saturday"": ""10AM-11PM""}",Sunday:10AM-8PM|Monday:10AM-10PM|Tuesday:10AM-10PM|Wednesday:10AM-10PM|Thursday:10AM-10PM|Friday:10AM-11PM|Saturday:10AM-11PM,,,,https://lh4.googleusercontent.com/-zkIDSeOuku8/AAAAAAAAAAI/AAAAAAAAAAA/6uOwMdNh46Y/s44-p-k-no-ns-nd/photo.jpg,,,,,,"https://www.google.com/maps/place/X-Golf+Tualatin/@45.3853958,-122.75020479999999,14z/data=!4m8!1m2!2m1!1sX-Golf+Tualatin!3m4!1s0x54957359796d2a05:0x5cf98a4679aa5b10!8m2!3d45.3853958!4d-122.75020479999999","https://www.google.com/maps/place/X-Golf+Tualatin/@45.3853958,-122.75020479999999,13.99z/data=!4m16!1m7!3m6!1s0x54957359796d2a05:0x5cf98a4679aa5b10!2sX-Golf+Tualatin!8m2!3d45.3853958!4d-122.75020479999999!16s%2Fg%2F11ckvg1dmb!3m7!1s0x54957359796d2a05:0x5cf98a4679aa5b10!8m2!3d45.3853958!4d-122.75020479999999!9m1!1b1!16s%2Fg%2F11ckvg1dmb?entry=ttu",ChIJBSpteVlzlVQREFuqeUaK-Vw,0x54957359796d2a05:0x5cf98a4679aa5b10,6699537955983874832,6699537955983874832
Envision Golf,Envision Golf,https://envisiongolf.com/,"Indoor golf course, Golf instructor, Golf shop, Leagues club, Restaurant, Sports bar",Indoor golf course,Indoor golf course,+1 503-388-9770,"18039 SW Lower Boones Ferry Rd, Tigard, OR 97224",Oregon,45.3918244,-122.7511839,4.8,75,"https://search.google.com/local/reviews?placeid=ChIJS4SdAL5zlVQRwEKRcN5Q24I&q=indoor+golf+course,+97240,+Portland,+OR,+US&authuser=0&hl=en&gl=US",,,2,1,0,3,69,62,https://lh5.googleusercontent.com/p/AF1QipOKHT5B9uawsMzzRoCHBAnsoqG0EGvL6y0V1CAX=w800-h500-k-no,https://lh5.googleusercontent.com/p/AF1QipOKHT5B9uawsMzzRoCHBAnsoqG0EGvL6y0V1CAX=w1600-h1000-k-no,,"{""Sunday"": ""10AM-10PM"", ""Monday"": ""10AM-10PM"", ""Tuesday"": ""10AM-10PM"", ""Wednesday"": ""10AM-10PM"", ""Thursday"": ""10AM-10PM"", ""Friday"": ""10AM-11PM"", ""Saturday"": ""10AM-11PM""}",Sunday:10AM-10PM|Monday:10AM-10PM|Tuesday:10AM-10PM|Wednesday:10AM-10PM|Thursday:10AM-10PM|Friday:10AM-11PM|Saturday:10AM-11PM,,,,https://lh5.googleusercontent.com/-1Im81tS60co/AAAAAAAAAAI/AAAAAAAAAAA/CAJQs-tK0ZY/s44-p-k-no-ns-nd/photo.jpg,,,,,,"https://www.google.com/maps/place/Envision+Golf/@45.3918244,-122.7511839,14z/data=!4m8!1m2!2m1!1sEnvision+Golf!3m4!1s0x549573be009d844b:0x82db50de709142c0!8m2!3d45.3918244!4d-122.7511839","https://www.google.com/maps/place/Envision+Golf/@45.3918244,-122.7511839,13.99z/data=!4m16!1m7!3m6!1s0x549573be009d844b:0x82db50de709142c0!2sEnvision+Golf!8m2!3d45.3918244!4d-122.7511839!16s%2Fg%2F11ckvg1dmb!3m7!1s0x549573be009d844b:0x82db50de709142c0!8m2!3d45.3918244!4d-122.7511839!9m1!1b1!16s%2Fg%2F11ckvg1dmb?entry=ttu",ChIJS4SdAL5zlVQRwEKRcN5Q24I,0x549573be009d844b:0x82db50de709142c0,9429219161131795136,-9017524912577756480
Launch House,Launch House,http://booking.launchhouse.golf/,Indoor golf course,Indoor golf course,Indoor golf course,+1 971-230-4731,"1960 NE 25th Ave Ste 11, Hillsboro, OR 97124",Oregon,45.5396546,-122.9558117,5,17,"https://search.google.com/local/reviews?placeid=ChIJ9zeONVADlVQR1zM_sSIOgXM&q=indoor+golf+course,+97240,+Portland,+OR,+US&authuser=0&hl=en&gl=US",,,0,0,0,0,17,27,https://lh5.googleusercontent.com/p/AF1QipOB-wx7TfGHMHf_y7-0O0p7dc-bNnpnEymR_Hs=w800-h500-k-no,https://lh5.googleusercontent.com/p/AF1QipOB-wx7TfGHMHf_y7-0O0p7dc-bNnpnEymR_Hs=w1600-h1000-k-no,,"{""Sunday"": ""8AM-8PM"", ""Monday"": ""8AM-8PM"", ""Tuesday"": ""8AM-8PM"", ""Wednesday"": ""8AM-8PM"", ""Thursday"": ""8AM-8PM"", ""Friday"": ""8AM-8PM"", ""Saturday"": ""8AM-8PM""}",Sunday:8AM-8PM|Monday:8AM-8PM|Tuesday:8AM-8PM|Wednesday:8AM-8PM|Thursday:8AM-8PM|Friday:8AM-8PM|Saturday:8AM-8PM,,,,https://lh5.googleusercontent.com/-TlLyZCCItM4/AAAAAAAAAAI/AAAAAAAAAAA/5rrXebckp2M/s44-p-k-no-ns-nd/photo.jpg,,,,,,"https://www.google.com/maps/place/Launch+House/@45.5396546,-122.9558117,14z/data=!4m8!1m2!2m1!1sLaunch+House!3m4!1s0x54950350358e37f7:0x73810e22b13f33d7!8m2!3d45.5396546!4d-122.9558117","https://www.google.com/maps/place/Launch+House/@45.5396546,-122.9558117,13.99z/data=!4m16!1m7!3m6!1s0x54950350358e37f7:0x73810e22b13f33d7!2sLaunch+House!8m2!3d45.5396546!4d-122.9558117!16s%2Fg%2F11ckvg1dmb!3m7!1s0x54950350358e37f7:0x73810e22b13f33d7!8m2!3d45.5396546!4d-122.9558117!9m1!1b1!16s%2Fg%2F11ckvg1dmb?entry=ttu",ChIJ9zeONVADlVQR1zM_sSIOgXM,0x54950350358e37f7:0x73810e22b13f33d7,8322949128522773463,8322949128522773463
X-Golf Beaverton,X Golf Beaverton,http://www.xgolfpnw.com/,"Indoor golf course, Golf club, Golf course, Golf driving range, Golf instructor, Miniature golf course, Private golf course, Public golf course",Indoor golf course,Indoor golf course,+1 503-855-4104,"3805 SW 117th Ave Suite 120, Beaverton, OR 97005",Oregon,45.4919844,-122.7983323,5,3,"https://search.google.com/local/reviews?placeid=ChIJPfvxCcMPlVQRgzo-H-ZzLcs&q=indoor+golf+course,+97240,+Portland,+OR,+US&authuser=0&hl=en&gl=US",,,0,0,0,0,3,6,https://lh5.googleusercontent.com/p/AF1QipMYotB4vaXOYsQxPhw4q-jhGYBzI0DfZRgc61bm=w800-h500-k-no,https://lh5.googleusercontent.com/p/AF1QipMYotB4vaXOYsQxPhw4q-jhGYBzI0DfZRgc61bm=w1600-h1000-k-no,,"{""Sunday"": ""9AM-9PM"", ""Monday"": ""10AM-10PM"", ""Tuesday"": ""10AM-10PM"", ""Wednesday"": ""10AM-10PM"", ""Thursday"": ""10AM-11PM"", ""Friday"": ""10AM-11PM"", ""Saturday"": ""9AM-11PM""}",Sunday:9AM-9PM|Monday:10AM-10PM|Tuesday:10AM-10PM|Wednesday:10AM-10PM|Thursday:10AM-11PM|Friday:10AM-11PM|Saturday:9AM-11PM,,,,https://lh4.googleusercontent.com/-eGsa_6J_s7c/AAAAAAAAAAI/AAAAAAAAAAA/cKdPapMNrOU/s44-p-k-no-ns-nd/photo.jpg,,,,,,"https://www.google.com/maps/place/X-Golf+Beaverton/@45.4919844,-122.7983323,14z/data=!4m8!1m2!2m1!1sX-Golf+Beaverton!3m4!1s0x54950fc309f1fb3d:0xcb2d73e61f3e3a83!8m2!3d45.4919844!4d-122.7983323","https://www.google.com/maps/place/X-Golf+Beaverton/@45.4919844,-122.7983323,13.99z/data=!4m16!1m7!3m6!1s0x54950fc309f1fb3d:0xcb2d73e61f3e3a83!2sX-Golf+Beaverton!8m2!3d45.4919844!4d-122.7983323!16s%2Fg%2F11ckvg1dmb!3m7!1s0x54950fc309f1fb3d:0xcb2d73e61f3e3a83!8m2!3d45.4919844!4d-122.7983323!9m1!1b1!16s%2Fg%2F11ckvg1dmb?entry=ttu",ChIJPfvxCcMPlVQRgzo-H-ZzLcs,0x54950fc309f1fb3d:0xcb2d73e61f3e3a83,14640485395855194755,-3806258677854356861
The Golf Gym,The Golf Gym,http://thegolfgympdx.com/,"Golf instructor, Fitness center",Fitness center,Golf instructor,+1 831-521-1927,"4943 NE Martin Luther King Jr Blvd, Portland, OR 97211",Oregon,45.5589624,-122.6618143,5,45,"https://search.google.com/local/reviews?placeid=ChIJZTZkeT-nlVQRYcEfU_PF_qs&q=indoor+golf+course,+97240,+Portland,+OR,+US&authuser=0&hl=en&gl=US",,,0,0,0,0,45,21,https://lh5.googleusercontent.com/p/AF1QipM4IXdBz2AZz7EHENxuiArto7mR5O-rh5pCEBYZ=w800-h500-k-no,https://lh5.googleusercontent.com/p/AF1QipM4IXdBz2AZz7EHENxuiArto7mR5O-rh5pCEBYZ=w1600-h1000-k-no,,"{""Sunday"": ""Closed"", ""Monday"": ""6AM-7PM"", ""Tuesday"": ""6AM-7PM"", ""Wednesday"": ""6AM-7PM"", ""Thursday"": ""6AM-7PM"", ""Friday"": ""6AM-3PM"", ""Saturday"": ""10AM-12PM""}",Sunday:Closed|Monday:6AM-7PM|Tuesday:6AM-7PM|Wednesday:6AM-7PM|Thursday:6AM-7PM|Friday:6AM-3PM|Saturday:10AM-12PM,,,,https://lh6.googleusercontent.com/-gOKxaPm7rl4/AAAAAAAAAAI/AAAAAAAAAAA/qMa_s0OsEbA/s44-p-k-no-ns-nd/photo.jpg,,,https://thegolfgympdx.com/golf-fitness-programs-1,,https://thegolfgympdx.com/golf-fitness-programs-1,"https://www.google.com/maps/place/The+Golf+Gym/@45.5589624,-122.66181429999999,14z/data=!4m8!1m2!2m1!1sThe+Golf+Gym!3m4!1s0x5495a73f79643665:0xabfec5f3531fc161!8m2!3d45.5589624!4d-122.66181429999999","https://www.google.com/maps/place/The+Golf+Gym/@45.5589624,-122.66181429999999,13.99z/data=!4m16!1m7!3m6!1s0x5495a73f79643665:0xabfec5f3531fc161!2sThe+Golf+Gym!8m2!3d45.5589624!4d-122.66181429999999!16s%2Fg%2F11ckvg1dmb!3m7!1s0x5495a73f79643665:0xabfec5f3531fc161!8m2!3d45.5589624!4d-122.66181429999999!9m1!1b1!16s%2Fg%2F11ckvg1dmb?entry=ttu",ChIJZTZkeT-nlVQRYcEfU_PF_qs,0x5495a73f79643665:0xabfec5f3531fc161,12393560873432498529,-6053183200277053087
Golf On Tap,Golf On Tap,http://golfontappdx.com/,Indoor golf course,Indoor golf course,Indoor golf course,+1 503-477-7760,"3739 S Bond Ave, Portland, OR 97239",Oregon,45.4959855,-122.6709916,4,4,"https://search.google.com/local/reviews?placeid=ChIJQww_mY8LlVQRgrkKNYGFTG0&q=indoor+golf+course,+97240,+Portland,+OR,+US&authuser=0&hl=en&gl=US",,,1,0,0,0,3,1,https://streetviewpixels-pa.googleapis.com/v1/thumbnail?panoid=8yvXZ8znBbYU6sLR3wZYPw&cb_client=search.gws-prod.gps&w=800&h=500&yaw=307.37427&pitch=0&thumbfov=100,https://streetviewpixels-pa.googleapis.com/v1/thumbnail?panoid=8yvXZ8znBbYU6sLR3wZYPw&cb_client=search.gws-prod.gps&w=1600&h=1000&yaw=307.37427&pitch=0&thumbfov=100,,"{""Sunday"": ""11AM-9PM"", ""Monday"": ""11AM-10PM"", ""Tuesday"": ""11AM-10PM"", ""Wednesday"": ""11AM-10PM"", ""Thursday"": ""11AM-10PM"", ""Friday"": ""11AM-10PM"", ""Saturday"": ""11AM-10PM""}",Sunday:11AM-9PM|Monday:11AM-10PM|Tuesday:11AM-10PM|Wednesday:11AM-10PM|Thursday:11AM-10PM|Friday:11AM-10PM|Saturday:11AM-10PM,,,,https://lh3.googleusercontent.com/-hGAczmxbrwQ/AAAAAAAAAAI/AAAAAAAAAAA/aToedeLFZMk/s44-p-k-no-ns-nd/photo.jpg,,,,,,"https://www.google.com/maps/place/Golf+On+Tap/@45.495985499999996,-122.6709916,14z/data=!4m8!1m2!2m1!1sGolf+On+Tap!3m4!1s0x54950b8f993f0c43:0x6d4c8581350ab982!8m2!3d45.495985499999996!4d-122.6709916","https://www.google.com/maps/place/Golf+On+Tap/@45.495985499999996,-122.6709916,13.99z/data=!4m16!1m7!3m6!1s0x54950b8f993f0c43:0x6d4c8581350ab982!2sGolf+On+Tap!8m2!3d45.495985499999996!4d-122.6709916!16s%2Fg%2F11ckvg1dmb!3m7!1s0x54950b8f993f0c43:0x6d4c8581350ab982!8m2!3d45.495985499999996!4d-122.6709916!9m1!1b1!16s%2Fg%2F11ckvg1dmb?entry=ttu",ChIJQww_mY8LlVQRgrkKNYGFTG0,0x54950b8f993f0c43:0x6d4c8581350ab982,7875816638351325570,7875816638351325570
Birdie Time Pub and Mini Golf,Birdie Time Pub And Mini Golf,https://birdietimepub.com/,"Miniature golf course, Event venue, Golf club, Bar, Pub, Sports bar",bars,Miniature golf course,+1 971-346-2034,"925 SE Main St, Portland, OR 97214",Oregon,45.5138053,-122.6563644,4.6,838,"https://search.google.com/local/reviews?placeid=ChIJ-UjWPVGhlVQR9cFrZNKSdHs&q=indoor+golf+course,+97240,+Portland,+OR,+US&authuser=0&hl=en&gl=US",,,12,13,38,169,606,645,https://lh5.googleusercontent.com/p/AF1QipNFFruzYsxks8iD5JTYh4pakxi6TKJ4ZD-LnBGQ=w800-h500-k-no,https://lh5.googleusercontent.com/p/AF1QipNFFruzYsxks8iD5JTYh4pakxi6TKJ4ZD-LnBGQ=w1600-h1000-k-no,,"{""Sunday"": ""12-10PM"", ""Monday"": ""12-10PM"", ""Tuesday"": ""12-10PM"", ""Wednesday"": ""12-10PM"", ""Thursday"": ""12-11PM"", ""Friday"": ""12PM-12AM"", ""Saturday"": ""12PM-12AM""}",Sunday:12-10PM|Monday:12-10PM|Tuesday:12-10PM|Wednesday:12-10PM|Thursday:12-11PM|Friday:12PM-12AM|Saturday:12PM-12AM,,$,,https://lh5.googleusercontent.com/-e8RyrUjFB8s/AAAAAAAAAAI/AAAAAAAAAAA/qaU90s2tYHc/s44-p-k-no-ns-nd/photo.jpg,"Lively spot offering craft beer & pub grub, plus big screen sports & a 9-hole mini golf course.",https://birdietimepub.com/packages/,https://birdietimepub.com/packages/,,https://birdietimepub.com/packages/,"https://www.google.com/maps/place/Birdie+Time+Pub+and+Mini+Golf/@45.5138053,-122.6563644,14z/data=!4m8!1m2!2m1!1sBirdie+Time+Pub+and+Mini+Golf!3m4!1s0x5495a1513dd648f9:0x7b7492d2646bc1f5!8m2!3d45.5138053!4d-122.6563644","https://www.google.com/maps/place/Birdie+Time+Pub+and+Mini+Golf/@45.5138053,-122.6563644,13.99z/data=!4m16!1m7!3m6!1s0x5495a1513dd648f9:0x7b7492d2646bc1f5!2sBirdie+Time+Pub+and+Mini+Golf!8m2!3d45.5138053!4d-122.6563644!16s%2Fg%2F11ckvg1dmb!3m7!1s0x5495a1513dd648f9:0x7b7492d2646bc1f5!8m2!3d45.5138053!4d-122.6563644!9m1!1b1!16s%2Fg%2F11ckvg1dmb?entry=ttu",ChIJ-UjWPVGhlVQR9cFrZNKSdHs,0x5495a1513dd648f9:0x7b7492d2646bc1f5,8895896596289143285,8895896596289143285
SPARC Golf,Sparc Golf,https://sparcgolf.com/,Golf instructor,Golf instructor,Golf instructor,+1 503-419-8449,"4235 NW 192nd Ave, Portland, OR 97229",Oregon,45.5501426,-122.8753682,5,9,"https://search.google.com/local/reviews?placeid=ChIJke9RjEkFlVQRe04ZMHpNUZM&q=indoor+golf+course,+97054,+Deer+Island,+OR,+US&authuser=0&hl=en&gl=US",,,0,0,0,0,9,28,https://lh5.googleusercontent.com/p/AF1QipMllU3a6GBIVjMp6yCHCfmo3u6-jfUqrnj9yUpr=w800-h500-k-no,https://lh5.googleusercontent.com/p/AF1QipMllU3a6GBIVjMp6yCHCfmo3u6-jfUqrnj9yUpr=w1600-h1000-k-no,,,,,,,https://lh6.googleusercontent.com/-nepDZ-huuyc/AAAAAAAAAAI/AAAAAAAAAAA/hiTxZUt9uNQ/s44-p-k-no-ns-nd/photo.jpg,,,,,,"https://www.google.com/maps/place/SPARC+Golf/@45.5501426,-122.8753682,14z/data=!4m8!1m2!2m1!1sSPARC+Golf!3m4!1s0x549505498c51ef91:0x93514d7a30194e7b!8m2!3d45.5501426!4d-122.8753682","https://www.google.com/maps/place/SPARC+Golf/@45.5501426,-122.8753682,13.99z/data=!4m16!1m7!3m6!1s0x549505498c51ef91:0x93514d7a30194e7b!2sSPARC+Golf!8m2!3d45.5501426!4d-122.8753682!16s%2Fg%2F11ckvg1dmb!3m7!1s0x549505498c51ef91:0x93514d7a30194e7b!8m2!3d45.5501426!4d-122.8753682!9m1!1b1!16s%2Fg%2F11ckvg1dmb?entry=ttu",ChIJke9RjEkFlVQRe04ZMHpNUZM,0x549505498c51ef91:0x93514d7a30194e7b,10615350983877283451,-7831393089832268165
Precision Golf Studio,Precision Golf Studio,https://www.precisiongolfstudio.com/?utm_source=google,Indoor golf course,Indoor golf course,Indoor golf course,+1 541-525-9146,"401 2nd Ave Suite 101, Albany, OR 97321",Oregon,44.6362897,-123.108713,5,38,"https://search.google.com/local/reviews?placeid=ChIJkYnB67ttwFQRUlAQUBLZCUk&q=indoor+golf+course,+97054,+Deer+Island,+OR,+US&authuser=0&hl=en&gl=US",,,0,0,0,0,38,18,https://lh3.googleusercontent.com/gps-cs-s/AB5caB_T08VKVwkJ-v7wy48dVF3Mce_9fl8vYLPKJq8S5PY5UK1d3h1k5wq4oKrEPWcuV4DeaWrzAnkaL2fdqPKzmvYR99xPt_h9IsrEkF1ISzIWkXLaqUJmlsLSQnmUmXwYdBeYLDJgJw=w800-h500-k-no,https://lh3.googleusercontent.com/gps-cs-s/AB5caB_T08VKVwkJ-v7wy48dVF3Mce_9fl8vYLPKJq8S5PY5UK1d3h1k5wq4oKrEPWcuV4DeaWrzAnkaL2fdqPKzmvYR99xPt_h9IsrEkF1ISzIWkXLaqUJmlsLSQnmUmXwYdBeYLDJgJw=w1600-h1000-k-no,,"{""Sunday"": ""Open 24 hours"", ""Monday"": ""Open 24 hours"", ""Tuesday"": ""Open 24 hours"", ""Wednesday"": ""Open 24 hours"", ""Thursday"": ""Open 24 hours"", ""Friday"": ""Open 24 hours"", ""Saturday"": ""Open 24 hours""}",Sunday:Open 24 hours|Monday:Open 24 hours|Tuesday:Open 24 hours|Wednesday:Open 24 hours|Thursday:Open 24 hours|Friday:Open 24 hours|Saturday:Open 24 hours,,,,https://lh4.googleusercontent.com/-jGXAGXykkdI/AAAAAAAAAAI/AAAAAAAAAAA/-SMOcT8CaZs/s44-p-k-no-ns-nd/photo.jpg,,,,,,"https://www.google.com/maps/place/Precision+Golf+Studio/@44.6362897,-123.108713,14z/data=!4m8!1m2!2m1!1sPrecision+Golf+Studio!3m4!1s0x54c06dbbebc18991:0x4909d91250105052!8m2!3d44.6362897!4d-123.108713","https://www.google.com/maps/place/Precision+Golf+Studio/@44.6362897,-123.108713,13.99z/data=!4m16!1m7!3m6!1s0x54c06dbbebc18991:0x4909d91250105052!2sPrecision+Golf+Studio!8m2!3d44.6362897!4d-123.108713!16s%2Fg%2F11ckvg1dmb!3m7!1s0x54c06dbbebc18991:0x4909d91250105052!8m2!3d44.6362897!4d-123.108713!9m1!1b1!16s%2Fg%2F11ckvg1dmb?entry=ttu",ChIJkYnB67ttwFQRUlAQUBLZCUk,0x54c06dbbebc18991:0x4909d91250105052,5262976312235020370,5262976312235020370
The Golf Farm,The Golf Farm,http://henningergolffarm.com/,"Golf instructor, Indoor golf course",Golf instructor,Golf instructor,,"20160 SW 112th Ave, Tualatin, OR 97062",Oregon,45.3742373,-122.791818,5,17,"https://search.google.com/local/reviews?placeid=ChIJk84e9AJtlVQRscNeF4L7qBo&q=indoor+golf+course,+97054,+Deer+Island,+OR,+US&authuser=0&hl=en&gl=US",,,0,0,0,0,17,10,https://lh3.googleusercontent.com/gps-cs-s/AB5caB9oxnzxpq5opf4F63EuVdLOWoPVU2mfBEdi0SCmr6GXcTJFr7cEwbK2AMED5HaZhE63tK6-mCCbMUX-qfjMoxYV8VaE0jv55bpD5Mtwuxj5chGy_6ObDNLrFXLdn3X1UqodGjY=w800-h500-k-no,https://lh3.googleusercontent.com/gps-cs-s/AB5caB9oxnzxpq5opf4F63EuVdLOWoPVU2mfBEdi0SCmr6GXcTJFr7cEwbK2AMED5HaZhE63tK6-mCCbMUX-qfjMoxYV8VaE0jv55bpD5Mtwuxj5chGy_6ObDNLrFXLdn3X1UqodGjY=w1600-h1000-k-no,,"{""Sunday"": ""Open 24 hours"", ""Monday"": ""Open 24 hours"", ""Tuesday"": ""Open 24 hours"", ""Wednesday"": ""Open 24 hours"", ""Thursday"": ""Open 24 hours"", ""Friday"": ""Open 24 hours"", ""Saturday"": ""Open 24 hours""}",Sunday:Open 24 hours|Monday:Open 24 hours|Tuesday:Open 24 hours|Wednesday:Open 24 hours|Thursday:Open 24 hours|Friday:Open 24 hours|Saturday:Open 24 hours,,,,https://lh6.googleusercontent.com/-iw__G_Ab72E/AAAAAAAAAAI/AAAAAAAAAAA/OjDBPnrQRsY/s44-p-k-no-ns-nd/photo.jpg,,,,,,"https://www.google.com/maps/place/The+Golf+Farm/@45.3742373,-122.79181799999999,14z/data=!4m8!1m2!2m1!1sThe+Golf+Farm!3m4!1s0x54956d02f41ece93:0x1aa8fb82175ec3b1!8m2!3d45.3742373!4d-122.79181799999999","https://www.google.com/maps/place/The+Golf+Farm/@45.3742373,-122.79181799999999,13.99z/data=!4m16!1m7!3m6!1s0x54956d02f41ece93:0x1aa8fb82175ec3b1!2sThe+Golf+Farm!8m2!3d45.3742373!4d-122.79181799999999!16s%2Fg%2F11ckvg1dmb!3m7!1s0x54956d02f41ece93:0x1aa8fb82175ec3b1!8m2!3d45.3742373!4d-122.79181799999999!9m1!1b1!16s%2Fg%2F11ckvg1dmb?entry=ttu",ChIJk84e9AJtlVQRscNeF4L7qBo,0x54956d02f41ece93:0x1aa8fb82175ec3b1,1921061777229923249,1921061777229923249
Birdie Juice Indoor Golf Company LLC,Birdie Juice Indoor Golf Company,https://www.birdiejuiceigc.com/,Sports club,Sports club,Sports club,+1 541-226-2335,"550 SW 6th St # G, Grants Pass, OR 97526",Oregon,42.4369478,-123.3295996,5,10,"https://search.google.com/local/reviews?placeid=ChIJF4IkIwB7xVQR79rTkykRziY&q=indoor+golf+course,+97875,+Stanfield,+OR,+US&authuser=0&hl=en&gl=US","beer, atmosphere, simulators, golfers, games, swing",,0,0,0,0,10,8,https://lh5.googleusercontent.com/p/AF1QipNI4nCnarPHVgDDIels3w4SEJ_L5Asw315NKA1y=w800-h500-k-no,https://streetviewpixels-pa.googleapis.com/v1/thumbnail?panoid=r1-f_N8e5HQquRiPZpXuaA&cb_client=search.gws-prod.gps&w=1600&h=1000&yaw=69.30241&pitch=0&thumbfov=100,,"{""Sunday"": ""11AM-6PM"", ""Monday"": ""Closed"", ""Tuesday"": ""10AM-10PM"", ""Wednesday"": ""10AM-10PM"", ""Thursday"": ""10AM-10PM"", ""Friday"": ""10AM-12AM"", ""Saturday"": ""11AM-12AM""}",Sunday:11AM-6PM|Monday:Closed|Tuesday:10AM-10PM|Wednesday:10AM-10PM|Thursday:10AM-10PM|Friday:10AM-12AM|Saturday:11AM-12AM,,,,https://lh6.googleusercontent.com/-vITXuZh1SWg/AAAAAAAAAAI/AAAAAAAAAAA/SB4o1TRkhFo/s44-p-k-no-ns-nd/photo.jpg,"We are a family friendly, indoor golf simulator company. We cater to golf enthusiasts of all ages. Whether you are looking for a place to work on your short game or just looking for a place to hang out and enjoy a beer with friends, Birdie Juice has something for everyone.",,,,,"https://www.google.com/maps/place/Birdie+Juice+Indoor+Golf+Company+LLC/@42.4369478,-123.3295996,14z/data=!4m8!1m2!2m1!1sBirdie+Juice+Indoor+Golf+Company+LLC!3m4!1s0x54c57b0023248217:0x26ce112993d3daef!8m2!3d42.4369478!4d-123.3295996","https://www.google.com/maps/place/Birdie+Juice+Indoor+Golf+Company+LLC/@42.4369478,-123.3295996,13.99z/data=!4m16!1m7!3m6!1s0x54c57b0023248217:0x26ce112993d3daef!2sBirdie+Juice+Indoor+Golf+Company+LLC!8m2!3d42.4369478!4d-123.3295996!16s%2Fg%2F11ckvg1dmb!3m7!1s0x54c57b0023248217:0x26ce112993d3daef!8m2!3d42.4369478!4d-123.3295996!9m1!1b1!16s%2Fg%2F11ckvg1dmb?entry=ttu",ChIJF4IkIwB7xVQR79rTkykRziY,0x54c57b0023248217:0x26ce112993d3daef,2796191288915122927,2796191288915122927
Pacific Pines Golf & Social Club,Pacific Pines Golf And Social Club,https://www.pacificpinesgolf.com/,Golf club,Golf club,Golf club,+1 503-536-3343,"3300 SW Hocken Ave #108, Beaverton, OR 97005",Oregon,45.4970338,-122.8119285,5,9,"https://search.google.com/local/reviews?placeid=ChIJAZYdECYPlVQRTBhNZGe-dB4&q=indoor+golf+course,+97022,+Eagle+Creek,+OR,+US&authuser=0&hl=en&gl=US",,,0,0,0,0,9,11,https://lh5.googleusercontent.com/p/AF1QipMRDur-i5aC8eRrPVmMNZzZLWsqZ9PiMH_D-VKb=w800-h500-k-no,https://lh5.googleusercontent.com/p/AF1QipMRDur-i5aC8eRrPVmMNZzZLWsqZ9PiMH_D-VKb=w1600-h1000-k-no,,"{""Sunday"": ""Open 24 hours"", ""Monday"": ""Open 24 hours"", ""Tuesday"": ""Open 24 hours"", ""Wednesday"": ""Open 24 hours"", ""Thursday"": ""Open 24 hours"", ""Friday"": ""Open 24 hours"", ""Saturday"": ""Open 24 hours""}",Sunday:Open 24 hours|Monday:Open 24 hours|Tuesday:Open 24 hours|Wednesday:Open 24 hours|Thursday:Open 24 hours|Friday:Open 24 hours|Saturday:Open 24 hours,,,,https://lh3.googleusercontent.com/-yDl3_ak1VYA/AAAAAAAAAAI/AAAAAAAAAAA/e8FlvGwnN04/s44-p-k-no-ns-nd/photo.jpg,,,https://www.pacificpinesgolf.com/schedule-a-demo,,https://www.pacificpinesgolf.com/schedule-a-demo,"https://www.google.com/maps/place/Pacific+Pines+Golf+%26+Social+Club/@45.4970338,-122.8119285,14z/data=!4m8!1m2!2m1!1sPacific+Pines+Golf+%26+Social+Club!3m4!1s0x54950f26101d9601:0x1e74be67644d184c!8m2!3d45.4970338!4d-122.8119285","https://www.google.com/maps/place/Pacific+Pines+Golf+%26+Social+Club/@45.4970338,-122.8119285,13.99z/data=!4m16!1m7!3m6!1s0x54950f26101d9601:0x1e74be67644d184c!2sPacific+Pines+Golf+%26+Social+Club!8m2!3d45.4970338!4d-122.8119285!16s%2Fg%2F11ckvg1dmb!3m7!1s0x54950f26101d9601:0x1e74be67644d184c!8m2!3d45.4970338!4d-122.8119285!9m1!1b1!16s%2Fg%2F11ckvg1dmb?entry=ttu",ChIJAZYdECYPlVQRTBhNZGe-dB4,0x54950f26101d9601:0x1e74be67644d184c,2194588269709957196,2194588269709957196
Topgolf Hillsboro,Topgolf Hillsboro,https://topgolf.com/us/hillsboro/,"Restaurant, American restaurant, Event venue, Golf course, Golf driving range, Golf instructor, Sports bar",restaurants,Restaurant,+1 503-549-5197,"5505 NE Huffman St, Hillsboro, OR 97124",Oregon,45.5597817,-122.9240849,4.5,3455,"https://search.google.com/local/reviews?placeid=ChIJtY7HRqQFlVQRjUMcL1LFlk0&q=indoor+golf+course,+97123,+Hillsboro,+OR,+US&authuser=0&hl=en&gl=US",,,132,53,165,773,2332,2728,https://lh5.googleusercontent.com/p/AF1QipOthQKS1Y0MwsaX0x79cObm36mE7GfDOK8Sf9qM=w800-h500-k-no,https://lh5.googleusercontent.com/p/AF1QipOthQKS1Y0MwsaX0x79cObm36mE7GfDOK8Sf9qM=w1600-h1000-k-no,,"{""Sunday"": ""9AM-12AM"", ""Monday"": ""9AM-12AM"", ""Tuesday"": ""9AM-12AM"", ""Wednesday"": ""9AM-12AM"", ""Thursday"": ""9AM-12AM"", ""Friday"": ""9AM-12AM"", ""Saturday"": ""9AM-12AM""}",Sunday:9AM-12AM|Monday:9AM-12AM|Tuesday:9AM-12AM|Wednesday:9AM-12AM|Thursday:9AM-12AM|Friday:9AM-12AM|Saturday:9AM-12AM,,$$,,https://lh3.googleusercontent.com/-N-ANU9SrShc/AAAAAAAAAAI/AAAAAAAAAAA/7AyilJkMz2U/s44-p-k-no-ns-nd/photo.jpg,Sprawling entertainment venue with a high-tech driving range & swanky lounge with drinks & games.,https://topgolf.com/us/hillsboro/plan-a-visit/,https://topgolf.com/us/hillsboro/plan-a-visit/,,https://topgolf.com/us/hillsboro/plan-a-visit/,"https://www.google.com/maps/place/Topgolf+Hillsboro/@45.559781699999995,-122.9240849,14z/data=!4m8!1m2!2m1!1sTopgolf+Hillsboro!3m4!1s0x549505a446c78eb5:0x4d96c5522f1c438d!8m2!3d45.559781699999995!4d-122.9240849","https://www.google.com/maps/place/Topgolf+Hillsboro/@45.559781699999995,-122.9240849,13.99z/data=!4m16!1m7!3m6!1s0x549505a446c78eb5:0x4d96c5522f1c438d!2sTopgolf+Hillsboro!8m2!3d45.559781699999995!4d-122.9240849!16s%2Fg%2F11ckvg1dmb!3m7!1s0x549505a446c78eb5:0x4d96c5522f1c438d!8m2!3d45.559781699999995!4d-122.9240849!9m1!1b1!16s%2Fg%2F11ckvg1dmb?entry=ttu",ChIJtY7HRqQFlVQRjUMcL1LFlk0,0x549505a446c78eb5:0x4d96c5522f1c438d,5590872944195421069,5590872944195421069
The Player's Lounge,The Players Lounge,http://www.shortgrassfoundation.org/playerslounge,"Indoor golf course, Adventure sports center, Golf club, Golf course, Golf driving range, Golf instructor, Golf shop, Sports complex",Indoor golf course,Indoor golf course,+1 541-764-9149,"7755 North Highway 101 Attn: Golf Pro Shop, Gleneden Beach, OR 97388",OR,44.8877622,-124.0273252,5,1,"https://search.google.com/local/reviews?placeid=ChIJm33vmEqJ6lQR_47a6JJxowM&q=simulator+golf,+97388,+Gleneden+Beach,+OR,+US&authuser=0&hl=en&gl=US",,,0,0,0,0,1,2,https://lh5.googleusercontent.com/p/AF1QipMX-dxvLbzK4mg5HRamQwfqMrlXg-pyHVY8UUjl=w800-h500-k-no,https://streetviewpixels-pa.googleapis.com/v1/thumbnail?panoid=KKLlH5GLqQCXbackrslDVg&cb_client=search.gws-prod.gps&w=1600&h=1000&yaw=359.9849&pitch=0&thumbfov=100,,"{""Sunday"": ""8AM-5PM"", ""Monday"": ""8AM-5PM"", ""Tuesday"": ""8AM-5PM"", ""Wednesday"": ""8AM-5PM"", ""Thursday"": ""8AM-5PM"", ""Friday"": ""8AM-5PM"", ""Saturday"": ""8AM-5PM""}",Sunday:8AM-5PM|Monday:8AM-5PM|Tuesday:8AM-5PM|Wednesday:8AM-5PM|Thursday:8AM-5PM|Friday:8AM-5PM|Saturday:8AM-5PM,,,,https://lh5.googleusercontent.com/-mppKgqJ4llI/AAAAAAAAAAI/AAAAAAAAAAA/JKGs07LNqfU/s44-p-k-no-ns-nd/photo.jpg,Indoor Golf Performance Center,,,,,"https://www.google.com/maps/place/The+Player%27s+Lounge/@44.8877622,-124.02732519999999,14z/data=!4m8!1m2!2m1!1sThe+Player%27s+Lounge!3m4!1s0x54ea894a98ef7d9b:0x3a37192e8da8eff!8m2!3d44.8877622!4d-124.02732519999999","https://www.google.com/maps/place/The+Player%27s+Lounge/@44.8877622,-124.02732519999999,13.99z/data=!4m16!1m7!3m6!1s0x54ea894a98ef7d9b:0x3a37192e8da8eff!2sThe+Player%27s+Lounge!8m2!3d44.8877622!4d-124.02732519999999!16s%2Fg%2F11ckvg1dmb!3m7!1s0x54ea894a98ef7d9b:0x3a37192e8da8eff!8m2!3d44.8877622!4d-124.02732519999999!9m1!1b1!16s%2Fg%2F11ckvg1dmb?entry=ttu",ChIJm33vmEqJ6lQR_47a6JJxowM,0x54ea894a98ef7d9b:0x3a37192e8da8eff,262178079103422207,262178079103422207
The Bandon Golf Simulator,The Bandon Golf Simulator,https://thebandongolfsimulator.com/,Indoor golf course,Indoor golf course,Indoor golf course,+1 541-329-9753,"1155 Baltimore Ave SE, Bandon, OR 97411",Oregon,43.1128564,-124.4127429,5,2,"https://search.google.com/local/reviews?placeid=ChIJ42sjqtebxFQRyz0tDEzNoHQ&q=indoor+golf+course,+97414,+Broadbent,+OR,+US&authuser=0&hl=en&gl=US",,,0,0,0,0,2,7,https://lh5.googleusercontent.com/p/AF1QipMaBJ__dcnGsAUWDy-JkRJJy5x-JIWJGJcRcYeU=w800-h500-k-no,https://lh5.googleusercontent.com/p/AF1QipMaBJ__dcnGsAUWDy-JkRJJy5x-JIWJGJcRcYeU=w1600-h1000-k-no,,"{""Sunday"": ""9AM-9PM"", ""Monday"": ""9AM-9PM"", ""Tuesday"": ""9AM-9PM"", ""Wednesday"": ""9AM-9PM"", ""Thursday"": ""9AM-9PM"", ""Friday"": ""9AM-9PM"", ""Saturday"": ""9AM-9PM""}",Sunday:9AM-9PM|Monday:9AM-9PM|Tuesday:9AM-9PM|Wednesday:9AM-9PM|Thursday:9AM-9PM|Friday:9AM-9PM|Saturday:9AM-9PM,,,,https://lh3.googleusercontent.com/-Mf3t5f16rYc/AAAAAAAAAAI/AAAAAAAAAAA/xO3CVj02k0Y/s44-p-k-no-ns-nd/photo.jpg,,,,,,"https://www.google.com/maps/place/The+Bandon+Golf+Simulator/@43.1128564,-124.4127429,14z/data=!4m8!1m2!2m1!1sThe+Bandon+Golf+Simulator!3m4!1s0x54c49bd7aa236be3:0x74a0cd4c0c2d3dcb!8m2!3d43.1128564!4d-124.4127429","https://www.google.com/maps/place/The+Bandon+Golf+Simulator/@43.1128564,-124.4127429,13.99z/data=!4m16!1m7!3m6!1s0x54c49bd7aa236be3:0x74a0cd4c0c2d3dcb!2sThe+Bandon+Golf+Simulator!8m2!3d43.1128564!4d-124.4127429!16s%2Fg%2F11ckvg1dmb!3m7!1s0x54c49bd7aa236be3:0x74a0cd4c0c2d3dcb!8m2!3d43.1128564!4d-124.4127429!9m1!1b1!16s%2Fg%2F11ckvg1dmb?entry=ttu",ChIJ42sjqtebxFQRyz0tDEzNoHQ,0x54c49bd7aa236be3:0x74a0cd4c0c2d3dcb,8403942631178845643,8403942631178845643
Drivers Club,Drivers Club,https://www.driversclubpdx.com/,Event venue,Event venue,Event venue,+1 503-718-6055,"1432 NW Johnson St, Portland, OR 97209",Oregon,45.528409,-122.6859186,5,4,"https://search.google.com/local/reviews?placeid=ChIJCwnqKfsJlVQRpXvnZa_hLek&q=simulator+golf,+97258,+Portland,+OR,+US&authuser=0&hl=en&gl=US",,,0,0,0,0,4,32,https://lh5.googleusercontent.com/p/AF1QipNVpuzBvyfItfh7yVEvJJET0S3Ww41AVGQfHEpC=w800-h500-k-no,https://lh5.googleusercontent.com/p/AF1QipNVpuzBvyfItfh7yVEvJJET0S3Ww41AVGQfHEpC=w1600-h1000-k-no,,,,,,,https://lh3.googleusercontent.com/-gZSu6uhaNZw/AAAAAAAAAAI/AAAAAAAAAAA/RJHE_gRNUbU/s44-p-k-no-ns-nd/photo.jpg,,,,,,"https://www.google.com/maps/place/Drivers+Club/@45.528408999999996,-122.6859186,14z/data=!4m8!1m2!2m1!1sDrivers+Club!3m4!1s0x549509fb29ea090b:0xe92de1af65e77ba5!8m2!3d45.528408999999996!4d-122.6859186","https://www.google.com/maps/place/Drivers+Club/@45.528408999999996,-122.6859186,13.99z/data=!4m16!1m7!3m6!1s0x549509fb29ea090b:0xe92de1af65e77ba5!2sDrivers+Club!8m2!3d45.528408999999996!4d-122.6859186!16s%2Fg%2F11ckvg1dmb!3m7!1s0x549509fb29ea090b:0xe92de1af65e77ba5!8m2!3d45.528408999999996!4d-122.6859186!9m1!1b1!16s%2Fg%2F11ckvg1dmb?entry=ttu",ChIJCwnqKfsJlVQRpXvnZa_hLek,0x549509fb29ea090b:0xe92de1af65e77ba5,16802333928234384293,-1644410145475167323
PLAY Eugene,Play Eugene,https://www.playeugene.com/,"Food court, Amusement center, Batting cage center, Beer garden, Beer hall, Cocktail bar, Restaurant, Video arcade",attractions,Food court,+1 541-357-5010,"232 W 5th Ave, Eugene, OR 97401",Oregon,44.0541507,-123.0963262,4.8,98,"https://search.google.com/local/reviews?placeid=ChIJnUeBTRgfwVQRkPD5Tqzx9XQ&q=indoor+golf+course,+97408,+Eugene,+OR,+US&authuser=0&hl=en&gl=US",,,3,1,0,6,88,79,https://lh5.googleusercontent.com/p/AF1QipPD8jLc9PRg5uHnaHa8WlyJV_XOd-kJP2UTY7fH=w800-h500-k-no,https://lh5.googleusercontent.com/p/AF1QipPD8jLc9PRg5uHnaHa8WlyJV_XOd-kJP2UTY7fH=w1600-h1000-k-no,,"{""Sunday"": ""11:30AM-8PM"", ""Monday"": ""11:30AM-10PM"", ""Tuesday"": ""11:30AM-10PM"", ""Wednesday"": ""11:30AM-10PM"", ""Thursday"": ""11:30AM-10PM"", ""Friday"": ""11:30AM-11PM"", ""Saturday"": ""11:30AM-11PM""}",Sunday:11:30AM-8PM|Monday:11:30AM-10PM|Tuesday:11:30AM-10PM|Wednesday:11:30AM-10PM|Thursday:11:30AM-10PM|Friday:11:30AM-11PM|Saturday:11:30AM-11PM,"[{""happy_hours"": {""Sunday"": ""Closed"", ""Monday"": ""2-4 PM"", ""Tuesday"": ""2-4 PM"", ""Wednesday"": ""2-4 PM"", ""Thursday"": ""2-4 PM"", ""Friday"": ""2-4 PM"", ""Saturday"": ""Closed""}}, {""lunch"": {""Sunday"": ""11 AM-5 PM"", ""Monday"": ""11 AM-5 PM"", ""Tuesday"": ""11 AM-5 PM"", ""Wednesday"": ""11 AM-5 PM"", ""Thursday"": ""11 AM-5 PM"", ""Friday"": ""11 AM-5 PM"", ""Saturday"": ""11 AM-5 PM""}}, {""dinner"": {""Sunday"": ""5-9 PM"", ""Monday"": ""5-10 PM"", ""Tuesday"": ""5-10 PM"", ""Wednesday"": ""5-10 PM"", ""Thursday"": ""5-10 PM"", ""Friday"": ""5-10 PM"", ""Saturday"": ""5-10 PM""}}]",,,https://lh6.googleusercontent.com/-s6rrd02fKgI/AAAAAAAAAAI/AAAAAAAAAAA/7AQ73U9mXhg/s44-p-k-no-ns-nd/photo.jpg,,,,,,"https://www.google.com/maps/place/PLAY+Eugene/@44.0541507,-123.0963262,14z/data=!4m8!1m2!2m1!1sPLAY+Eugene!3m4!1s0x54c11f184d81479d:0x74f5f1ac4ef9f090!8m2!3d44.0541507!4d-123.0963262","https://www.google.com/maps/place/PLAY+Eugene/@44.0541507,-123.0963262,13.99z/data=!4m16!1m7!3m6!1s0x54c11f184d81479d:0x74f5f1ac4ef9f090!2sPLAY+Eugene!8m2!3d44.0541507!4d-123.0963262!16s%2Fg%2F11ckvg1dmb!3m7!1s0x54c11f184d81479d:0x74f5f1ac4ef9f090!8m2!3d44.0541507!4d-123.0963262!9m1!1b1!16s%2Fg%2F11ckvg1dmb?entry=ttu",ChIJnUeBTRgfwVQRkPD5Tqzx9XQ,0x54c11f184d81479d:0x74f5f1ac4ef9f090,8427908000055423120,8427908000055423120
Fiddler's Green Golf Center,Fiddlers Green Golf Center,http://www.fiddlersgreen.com/,"Golf shop, Coffee shop, Public golf course, Sporting goods store",Golf shop,Golf shop,+1 541-689-8464,"91292 State Hwy 99 N, Eugene, OR 97402",Oregon,44.1402367,-123.2022315,4.7,680,"https://search.google.com/local/reviews?placeid=ChIJ7WzG1oUCwVQR-b76gPpUg2A&q=indoor+golf+course,+97408,+Eugene,+OR,+US&authuser=0&hl=en&gl=US",,,9,9,20,118,524,239,https://lh5.googleusercontent.com/p/AF1QipO3I6GKsvV-_edINFgAF61PigFjDHi-6F6lwiuP=w800-h500-k-no,https://lh5.googleusercontent.com/p/AF1QipO3I6GKsvV-_edINFgAF61PigFjDHi-6F6lwiuP=w1600-h1000-k-no,,"{""Sunday"": ""9AM-6PM"", ""Monday"": ""9AM-6PM"", ""Tuesday"": ""9AM-6PM"", ""Wednesday"": ""9AM-6PM"", ""Thursday"": ""9AM-6PM"", ""Friday"": ""9AM-6PM"", ""Saturday"": ""9AM-6PM""}",Sunday:9AM-6PM|Monday:9AM-6PM|Tuesday:9AM-6PM|Wednesday:9AM-6PM|Thursday:9AM-6PM|Friday:9AM-6PM|Saturday:9AM-6PM,,,,https://lh5.googleusercontent.com/-RGDs0jrNVFk/AAAAAAAAAAI/AAAAAAAAAAA/17G0SdWJDmI/s44-p-k-no-ns-nd/photo.jpg,,,,,,"https://www.google.com/maps/place/Fiddler%27s+Green+Golf+Center/@44.140236699999996,-123.2022315,14z/data=!4m8!1m2!2m1!1sFiddler%27s+Green+Golf+Center!3m4!1s0x54c10285d6c66ced:0x608354fa80fabef9!8m2!3d44.140236699999996!4d-123.2022315","https://www.google.com/maps/place/Fiddler%27s+Green+Golf+Center/@44.140236699999996,-123.2022315,13.99z/data=!4m16!1m7!3m6!1s0x54c10285d6c66ced:0x608354fa80fabef9!2sFiddler%27s+Green+Golf+Center!8m2!3d44.140236699999996!4d-123.2022315!16s%2Fg%2F11ckvg1dmb!3m7!1s0x54c10285d6c66ced:0x608354fa80fabef9!8m2!3d44.140236699999996!4d-123.2022315!9m1!1b1!16s%2Fg%2F11ckvg1dmb?entry=ttu",ChIJ7WzG1oUCwVQR-b76gPpUg2A,0x54c10285d6c66ced:0x608354fa80fabef9,6954495684472651513,6954495684472651513
Middlefield Golf Course,Middlefield Golf Course,http://www.middlefieldgolf.com/golf,"Golf course, Indoor golf course",Golf course,Golf course,+1 541-942-8730,"91 Village Dr, Cottage Grove, OR 97424",Oregon,43.8070255,-123.0399928,4.2,139,"https://search.google.com/local/reviews?placeid=ChIJa0U-YS8wwVQRJAhnL3pvTys&q=indoor+golf+course,+97424,+Cottage+Grove,+OR,+US&authuser=0&hl=en&gl=US","shape, price, pro shop, gentleman, area, beer, interstate, hair, rate, 2024",,9,2,16,41,71,37,https://lh5.googleusercontent.com/p/AF1QipMBqOJqxLx3p8y_if4zFB9STZ_1mF4rID130We6=w800-h500-k-no,https://streetviewpixels-pa.googleapis.com/v1/thumbnail?panoid=JaKTrkouxGZkBVbeV-k_bA&cb_client=search.gws-prod.gps&w=1600&h=1000&yaw=265.82648&pitch=0&thumbfov=100,,"{""Sunday"": ""7AM-5PM"", ""Monday"": ""7AM-5PM"", ""Tuesday"": ""7AM-5PM"", ""Wednesday"": ""7AM-5PM"", ""Thursday"": ""7AM-5PM"", ""Friday"": ""7AM-5PM"", ""Saturday"": ""7AM-5PM""}",Sunday:7AM-5PM|Monday:7AM-5PM|Tuesday:7AM-5PM|Wednesday:7AM-5PM|Thursday:7AM-5PM|Friday:7AM-5PM|Saturday:7AM-5PM,,,,https://lh3.googleusercontent.com/-kYN6Ifw6NVc/AAAAAAAAAAI/AAAAAAAAAAA/MC-0H8pHtQo/s44-p-k-no-ns-nd/photo.jpg,"Middlefield Golf Course is a beautiful, 18-hole public course located in Cottage Grove, Oregon. The course has easy access from Interstate 5 by taking the Cottage Grove exit (exit 174). The course is a challenging 18-hole course surrounded by mature landscaping. The course is a 5002 yard par 67 course. The City of Cottage Grove purchased Middlefield Golf Course in December, 2006 and continues to operate the course. We also now offer a Golf Simulator experience. WE ARE RE-OPENING AFTER THE JANUARY 2024 ICE STORM ON FRIDAY, MARCH 29TH!",,,,,"https://www.google.com/maps/place/Middlefield+Golf+Course/@43.807025499999995,-123.0399928,14z/data=!4m8!1m2!2m1!1sMiddlefield+Golf+Course!3m4!1s0x54c1302f613e456b:0x2b4f6f7a2f670824!8m2!3d43.807025499999995!4d-123.0399928","https://www.google.com/maps/place/Middlefield+Golf+Course/@43.807025499999995,-123.0399928,13.99z/data=!4m16!1m7!3m6!1s0x54c1302f613e456b:0x2b4f6f7a2f670824!2sMiddlefield+Golf+Course!8m2!3d43.807025499999995!4d-123.0399928!16s%2Fg%2F11ckvg1dmb!3m7!1s0x54c1302f613e456b:0x2b4f6f7a2f670824!8m2!3d43.807025499999995!4d-123.0399928!9m1!1b1!16s%2Fg%2F11ckvg1dmb?entry=ttu",ChIJa0U-YS8wwVQRJAhnL3pvTys,0x54c1302f613e456b:0x2b4f6f7a2f670824,3120835637363017764,3120835637363017764
Golf Tech Simulators,123 Main St,San Francisco,CA,94105,415-555-0123,https://golftechsim.example.com,"State-of-the-art golf simulators featuring TrackMan technology. Perfect for practice or entertainment.","Mon-Fri: 9AM-9PM, Sat-Sun: 8AM-10PM"
Indoor Golf Club,456 Market St,Los Angeles,CA,90017,213-555-0456,https://indoorgolfclub.example.com,"Premium indoor golf experience with multiple simulator bays and full-service bar.","Mon-Sun: 7AM-11PM"
Swing Analysis Center,789 Golf Ave,Seattle,WA,98101,206-555-0789,https://swinganalysis.example.com,"Professional golf instruction and practice facility with advanced swing analysis tools.","Tue-Sun: 10AM-8PM, Closed Mondays"